Timestamp,Millis,Temperature,Humidity,Luminosity,Charge,Presence
2025-07-17 14:25:48,3079,33.5,29.0,709,927,True
2025-07-17 14:25:51,6148,33.4,30.0,698,918,True
2025-07-17 14:25:54,9193,33.3,30.0,279,919,True
2025-07-17 14:25:57,12260,33.5,29.0,727,891,False
2025-07-17 14:26:00,15303,33.4,29.0,196,894,False
2025-07-17 14:26:03,18370,33.3,28.0,727,917,False
2025-07-17 14:26:07,21413,33.3,28.0,175,907,False
2025-07-17 14:26:10,24480,33.5,28.0,728,891,False
2025-07-17 14:26:13,27526,33.4,28.0,737,910,False
2025-07-17 14:26:16,30593,33.5,28.0,728,890,False
2025-07-17 14:26:19,33636,33.5,28.0,739,899,False
2025-07-17 14:26:22,36703,33.5,28.0,727,895,False
2025-07-17 14:26:25,39748,33.5,28.0,720,905,False
2025-07-17 14:26:28,42815,33.5,28.0,725,902,False
2025-07-17 14:26:31,45858,33.6,28.0,737,910,False
2025-07-17 14:26:34,48925,33.5,28.0,722,902,False
2025-07-17 14:26:37,51971,33.6,28.0,729,908,False
2025-07-17 14:26:40,55037,33.5,28.0,726,903,False
2025-07-17 14:26:43,58081,33.6,28.0,736,909,False
2025-07-17 14:26:46,61148,33.7,29.0,727,903,False
2025-07-17 14:26:49,64193,33.5,28.0,731,908,False
2025-07-17 14:26:52,67260,33.5,28.0,457,891,False
2025-07-17 14:26:55,70303,33.5,28.0,737,909,False
2025-07-17 14:26:58,73370,33.6,28.0,417,889,False
2025-07-17 14:27:01,76414,33.6,28.0,731,894,False
2025-07-17 14:27:04,79480,33.5,28.0,112,891,False
2025-07-17 14:27:07,82524,33.5,28.0,739,900,False
2025-07-17 14:27:10,85591,33.5,28.0,142,905,False
2025-07-17 14:27:13,88635,33.5,27.0,735,908,False
2025-07-17 14:27:16,91700,33.5,28.0,597,904,False
2025-07-17 14:27:20,94745,33.5,28.0,735,908,False
2025-07-17 14:27:23,97812,33.5,28.0,542,914,False
2025-07-17 14:27:26,100858,33.4,28.0,714,929,True
2025-07-17 14:27:29,103926,33.4,30.0,95,930,True
2025-07-17 14:27:32,106973,33.5,29.0,151,934,True
2025-07-17 14:27:35,110040,34.9,30.0,740,909,False
2025-07-17 14:27:38,113085,33.5,28.0,126,924,False
2025-07-17 14:27:41,116152,33.5,28.0,729,915,False
2025-07-17 14:27:44,119196,33.4,28.0,742,914,False
2025-07-17 14:27:47,122261,33.5,28.0,737,917,False
2025-07-17 14:27:50,125305,33.6,28.0,740,920,False
2025-07-17 14:27:53,128371,33.7,28.0,742,910,False
2025-07-17 14:27:56,131417,33.5,28.0,752,925,False
2025-07-17 14:27:59,134482,33.4,28.0,736,908,False
2025-07-17 14:28:02,137526,33.5,28.0,748,922,False
2025-07-17 14:28:05,140593,33.5,28.0,741,911,False
2025-07-17 14:28:08,143637,33.5,28.0,750,923,False
2025-07-17 14:28:11,146703,33.5,28.0,734,916,False
2025-07-17 14:28:14,149747,33.4,28.0,753,915,False
2025-07-17 14:28:17,152814,33.4,28.0,731,910,False
2025-07-17 14:28:20,155858,33.5,28.0,151,923,False
2025-07-17 14:28:23,158923,33.4,28.0,731,908,False
2025-07-17 14:28:26,161969,33.4,28.0,107,916,False
2025-07-17 14:28:29,165036,33.5,28.0,741,910,False
2025-07-17 14:28:32,168080,33.4,28.0,136,921,False
2025-07-17 14:28:36,171145,33.4,28.0,731,908,False
2025-07-17 14:28:39,174190,33.3,28.0,137,925,False
2025-07-17 14:28:42,177257,33.4,28.0,730,914,False
2025-07-17 14:28:45,180300,33.3,28.0,751,922,False
2025-07-17 14:28:48,183367,33.4,28.0,740,918,False
2025-07-17 14:28:51,186413,33.5,28.0,739,922,False
2025-07-17 14:28:54,189478,33.2,28.0,168,908,False
2025-07-17 14:28:57,192523,33.4,28.0,750,923,False
2025-07-17 14:29:00,195588,33.3,28.0,729,915,False
2025-07-17 14:29:03,198633,33.4,28.0,750,914,False
2025-07-17 14:29:06,201700,33.5,28.0,740,911,False
2025-07-17 14:29:09,204744,33.4,28.0,752,914,False
2025-07-17 14:29:12,207810,33.5,28.0,745,927,False
2025-07-17 14:29:15,210854,33.4,28.0,258,922,False
2025-07-17 14:29:18,213921,33.3,28.0,728,913,False
2025-07-17 14:29:21,216965,33.3,28.0,752,887,False
2025-07-17 14:29:24,220032,33.5,28.0,739,913,False
2025-07-17 14:29:27,223077,33.5,28.0,729,926,True
2025-07-17 14:29:30,226145,33.3,30.0,706,898,True
2025-07-17 14:29:33,229191,33.2,30.0,702,909,True
2025-07-17 14:29:36,232259,33.3,30.0,624,898,False
2025-07-17 14:29:39,235303,33.4,29.0,731,890,False
2025-07-17 14:29:42,238370,33.2,30.0,705,913,True
2025-07-17 14:29:45,241417,33.2,31.0,705,917,True
2025-07-17 14:29:49,244485,33.2,31.0,586,898,True
2025-07-17 14:29:52,247531,33.2,30.0,722,895,False
2025-07-17 14:29:55,250597,33.4,29.0,178,894,False
2025-07-17 14:29:58,253642,33.3,29.0,276,811,True
2025-07-17 14:30:01,256710,33.3,30.0,393,875,True
2025-07-17 14:30:04,259757,33.3,30.0,256,870,True
2025-07-17 14:30:07,262824,33.2,30.0,711,864,True
2025-07-17 14:30:10,265871,33.2,30.0,742,857,False
2025-07-17 14:30:13,268937,33.3,29.0,737,856,False
2025-07-17 14:30:16,271981,33.2,29.0,743,887,False
2025-07-17 14:30:19,275047,33.4,30.0,723,873,False
2025-07-17 14:30:22,278092,33.4,30.0,709,862,True
2025-07-17 14:30:25,281161,33.3,31.0,714,865,True
2025-07-17 14:30:28,284207,33.3,30.0,721,865,True
2025-07-17 14:30:31,287275,33.3,30.0,550,905,True
2025-07-17 14:30:34,290322,33.3,30.0,723,914,True
2025-07-17 14:30:37,293390,33.1,30.0,194,913,True
2025-07-17 14:30:40,296437,33.3,30.0,180,839,False
2025-07-17 14:30:43,299503,33.3,28.0,733,850,False
2025-07-17 14:30:46,302546,33.5,28.0,727,849,False
2025-07-17 14:30:49,305612,33.4,29.0,729,846,False
2025-07-17 14:30:52,308657,33.4,29.0,725,848,False
2025-07-17 14:30:55,311724,33.5,29.0,732,845,False
2025-07-17 14:30:58,314767,33.2,29.0,715,837,False
2025-07-17 14:31:02,317834,33.4,29.0,274,822,False
2025-07-17 14:31:05,320879,33.4,30.0,735,824,False
2025-07-17 14:31:08,323945,33.3,29.0,726,840,False
2025-07-17 14:31:11,326989,33.3,29.0,722,835,False
2025-07-17 14:31:14,330056,33.4,29.0,718,817,False
2025-07-17 14:31:17,333100,33.5,29.0,737,847,False
2025-07-17 14:31:20,336166,33.4,29.0,97,851,False
2025-07-17 14:31:23,339212,33.4,29.0,742,859,False
2025-07-17 14:31:26,342278,33.4,29.0,93,857,False
2025-07-17 14:31:29,345322,33.4,29.0,104,867,False
2025-07-17 14:31:32,348388,33.4,29.0,401,858,False
2025-07-17 14:31:35,351431,33.4,29.0,91,872,False
2025-07-17 14:31:38,354498,33.3,28.0,726,846,False
2025-07-17 14:31:41,357542,33.4,28.0,399,872,False
2025-07-17 14:31:44,360608,33.4,28.0,736,870,False
2025-07-17 14:31:47,363654,33.4,28.0,745,862,False
2025-07-17 14:31:50,366721,33.5,28.0,693,870,False
2025-07-17 14:31:53,369766,33.5,28.0,706,879,True
2025-07-17 14:31:56,372835,33.4,30.0,190,873,True
2025-07-17 14:31:59,375880,33.5,30.0,183,874,True
2025-07-17 14:32:02,378948,33.4,30.0,538,878,True
2025-07-17 14:32:05,381995,33.3,30.0,216,880,True
2025-07-17 14:32:08,385062,33.4,30.0,713,866,True
2025-07-17 14:32:11,388109,33.4,30.0,716,875,True
2025-07-17 14:32:14,391176,33.5,29.0,125,861,False
2025-07-17 14:32:18,394221,33.5,28.0,217,899,True
2025-07-17 14:32:21,397290,33.4,30.0,716,897,True
2025-07-17 14:32:24,400335,33.3,30.0,549,902,True
2025-07-17 14:32:27,403404,33.4,30.0,720,894,True
2025-07-17 14:32:30,406450,33.5,29.0,725,899,True
2025-07-17 14:32:33,409519,33.2,30.0,234,893,True
2025-07-17 14:32:36,412564,33.4,29.0,260,906,True
2025-07-17 14:32:39,415632,33.4,30.0,722,915,True
2025-07-17 14:32:42,418679,33.4,30.0,725,920,True
2025-07-17 14:32:45,421746,33.3,30.0,240,913,True
2025-07-17 14:32:48,424791,33.5,29.0,140,902,False
2025-07-17 14:32:51,427857,33.2,29.0,746,900,False
2025-07-17 14:32:54,430903,33.5,28.0,140,899,False
2025-07-17 14:32:57,433970,33.4,28.0,751,898,False
2025-07-17 14:33:00,437013,33.5,28.0,122,903,False
2025-07-17 14:33:03,440080,33.5,28.0,751,901,False
2025-07-17 14:33:06,443125,33.2,28.0,119,904,False
2025-07-17 14:33:09,446192,33.3,28.0,746,896,False
2025-07-17 14:33:12,449238,33.3,28.0,230,914,True
2025-07-17 14:33:15,452306,33.3,30.0,721,911,True
2025-07-17 14:33:18,455352,33.2,30.0,720,916,True
2025-07-17 14:33:21,458420,33.3,29.0,735,901,False
2025-07-17 14:33:24,461465,33.3,28.0,738,891,False
2025-07-17 14:33:27,464532,33.5,28.0,115,881,False
2025-07-17 14:33:30,467575,33.4,28.0,749,895,False
2025-07-17 14:33:34,470644,33.4,28.0,212,862,True
2025-07-17 14:33:37,473691,33.3,30.0,191,892,True
2025-07-17 14:33:40,476760,33.3,29.0,712,902,True
2025-07-17 14:33:43,479805,33.3,30.0,411,902,True
2025-07-17 14:33:46,482874,33.2,29.0,717,900,True
2025-07-17 14:33:49,485919,33.2,30.0,723,895,True
2025-07-17 14:33:52,488987,33.5,29.0,363,884,False
2025-07-17 14:33:55,492030,33.4,28.0,116,889,False
2025-07-17 14:33:58,495097,33.2,28.0,361,894,False
2025-07-17 14:34:01,498143,33.2,28.0,125,891,False
2025-07-17 14:34:04,501210,33.4,28.0,144,892,False
2025-07-17 14:34:07,504256,33.5,28.0,722,905,True
2025-07-17 14:34:10,507324,33.2,29.0,212,894,True
2025-07-17 14:34:13,510371,33.2,30.0,496,899,True
2025-07-17 14:34:16,513439,33.2,29.0,403,904,False
2025-07-17 14:34:19,516485,33.4,29.0,156,887,False
2025-07-17 14:34:22,519550,33.2,28.0,727,874,False
2025-07-17 14:34:25,522597,33.3,29.0,722,902,True
2025-07-17 14:34:28,525665,33.2,30.0,278,894,True
2025-07-17 14:34:31,528711,33.2,30.0,241,895,True
2025-07-17 14:34:34,531778,33.1,29.0,728,864,False
2025-07-17 14:34:37,534823,33.4,29.0,719,870,False
2025-07-17 14:34:40,537890,33.4,29.0,157,882,False
2025-07-17 14:34:43,540934,33.4,29.0,629,884,False
2025-07-17 14:34:47,544002,33.4,28.0,148,851,False
2025-07-17 14:34:50,547047,33.2,29.0,709,897,True
2025-07-17 14:34:53,550116,33.3,30.0,249,909,True
2025-07-17 14:34:56,553161,33.2,30.0,716,918,True
2025-07-17 14:34:59,556229,33.5,30.0,166,899,False
2025-07-17 14:35:02,559273,33.5,29.0,152,902,False
2025-07-17 14:35:05,562340,33.2,29.0,737,898,False
2025-07-17 14:35:08,565384,33.4,29.0,157,901,False
2025-07-17 14:35:11,568451,33.5,29.0,417,891,False
2025-07-17 14:35:14,571496,33.4,29.0,19,909,False
2025-07-17 14:35:17,574563,33.3,30.0,192,893,True
2025-07-17 14:35:20,577609,33.3,30.0,192,892,True
2025-07-17 14:35:23,580678,33.3,30.0,153,888,True
2025-07-17 14:35:26,583723,33.2,30.0,100,882,False
2025-07-17 14:35:29,586789,33.4,28.0,185,881,False
2025-07-17 14:35:32,589835,33.4,28.0,99,892,True
2025-07-17 14:35:35,592904,33.2,30.0,272,892,True
2025-07-17 14:35:38,595949,33.2,29.0,192,892,True
2025-07-17 14:35:41,599017,33.2,29.0,26,878,False
2025-07-17 14:35:44,602062,33.6,28.0,748,883,False
2025-07-17 14:35:47,605129,33.5,28.0,142,888,False
2025-07-17 14:35:50,608173,33.3,28.0,130,865,False
2025-07-17 14:35:53,611239,33.2,29.0,745,878,False
2025-07-17 14:35:56,614285,33.2,29.0,743,860,False
2025-07-17 14:36:00,617351,33.3,29.0,149,864,False
2025-07-17 14:36:03,620394,33.2,29.0,749,876,False
2025-07-17 14:36:06,623462,33.4,29.0,249,895,True
2025-07-17 14:36:09,626507,33.2,30.0,218,884,True
2025-07-17 14:36:12,629576,33.2,30.0,708,893,True
2025-07-17 14:36:15,632622,33.2,30.0,708,888,True
2025-07-17 14:36:18,635689,33.2,28.0,714,895,True
2025-07-17 14:36:21,638736,33.2,30.0,189,894,True
2025-07-17 14:36:24,641804,33.2,30.0,261,885,True
2025-07-17 14:36:27,644850,33.1,30.0,246,887,True
2025-07-17 14:36:30,647916,33.2,29.0,746,881,False
2025-07-17 14:36:33,650961,33.2,29.0,751,878,False
2025-07-17 14:36:36,654029,32.6,28.0,718,893,True
2025-07-17 14:36:39,657076,33.2,30.0,727,898,True
2025-07-17 14:36:42,660145,33.0,30.0,240,896,True
2025-07-17 14:36:45,663190,33.1,30.0,132,883,False
2025-07-17 14:36:48,666257,33.2,29.0,528,882,False
2025-07-17 14:36:51,669300,33.2,29.0,443,886,False
2025-07-17 14:36:54,672367,33.2,30.0,156,879,False
2025-07-17 14:36:57,675412,33.2,30.0,299,865,False
2025-07-17 14:37:00,678478,33.1,30.0,112,863,False
2025-07-17 14:37:03,681522,33.2,30.0,80,862,False
2025-07-17 14:37:06,684588,33.2,30.0,355,865,False
2025-07-17 14:37:09,687632,33.3,29.0,473,886,False
2025-07-17 14:37:12,690697,33.2,30.0,84,885,False
2025-07-17 14:37:16,693741,33.3,31.0,144,897,False
2025-07-17 14:37:19,696809,33.2,33.0,120,899,False
2025-07-17 14:37:22,699854,33.2,35.0,190,907,True
2025-07-17 14:37:25,702923,33.2,35.0,555,914,True
2025-07-17 14:37:28,705969,33.2,34.0,419,908,True
2025-07-17 14:37:31,709038,34.6,32.0,389,894,False
2025-07-17 14:37:34,712082,33.3,31.0,524,880,True
2025-07-17 14:37:37,715150,33.3,31.0,705,829,True
2025-07-17 14:37:40,718197,33.3,31.0,393,834,True
2025-07-17 14:37:43,721265,33.2,31.0,158,842,False
2025-07-17 14:37:46,724311,33.4,30.0,69,844,False
2025-07-17 14:37:49,727378,33.2,32.0,498,865,True
2025-07-17 14:37:52,730425,33.3,34.0,493,864,True
2025-07-17 14:37:55,733494,33.2,33.0,164,868,True
2025-07-17 14:37:58,736540,33.2,33.0,82,847,False
2025-07-17 14:38:01,739609,33.3,32.0,178,870,True
2025-07-17 14:38:04,742654,33.3,33.0,177,862,True
2025-07-17 14:38:07,745723,33.4,32.0,556,865,True
2025-07-17 14:38:10,748769,33.3,32.0,431,821,False
2025-07-17 14:38:13,751837,33.3,31.0,169,875,True
2025-07-17 14:38:16,754883,33.4,31.0,131,871,True
2025-07-17 14:38:19,757951,33.3,30.0,530,847,True
2025-07-17 14:38:22,760996,33.4,30.0,385,828,False
2025-07-17 14:38:25,764065,33.5,30.0,374,876,True
2025-07-17 14:38:28,767111,33.4,30.0,616,871,True
2025-07-17 14:38:32,770180,33.3,30.0,158,866,True
2025-07-17 14:38:35,773225,33.5,32.0,75,832,False
2025-07-17 14:38:38,776292,33.5,32.0,336,845,False
2025-07-17 14:38:41,779335,33.5,32.0,398,844,False
2025-07-17 14:38:44,782402,33.7,31.0,743,848,False
2025-07-17 14:38:47,785447,33.5,30.0,374,846,False
2025-07-17 14:38:50,788513,33.6,29.0,158,850,False
2025-07-17 14:38:53,791560,33.6,29.0,432,869,True
2025-07-17 14:38:56,794628,33.5,30.0,439,867,True
2025-07-17 14:38:59,797675,33.5,30.0,608,864,True
2025-07-17 14:39:02,800742,33.5,30.0,75,823,False
2025-07-17 14:39:05,803786,33.5,29.0,384,862,True
2025-07-17 14:39:08,806855,33.5,30.0,173,858,True
2025-07-17 14:39:11,809901,33.5,30.0,116,850,True
2025-07-17 14:39:14,812969,33.5,32.0,472,847,True
2025-07-17 14:39:17,816013,33.6,34.0,330,837,False
2025-07-17 14:39:20,819081,33.5,35.0,417,854,True
2025-07-17 14:39:23,822127,33.5,34.0,594,864,True
2025-07-17 14:39:26,825196,33.5,34.0,473,852,True
2025-07-17 14:39:29,828240,33.6,34.0,656,829,False
2025-07-17 14:39:32,831308,33.5,33.0,268,860,True
2025-07-17 14:39:35,834355,33.6,32.0,684,861,True
2025-07-17 14:39:38,837423,33.5,31.0,124,858,True
2025-07-17 14:39:41,840468,33.6,30.0,464,840,False
2025-07-17 14:39:44,843534,33.7,29.0,49,841,False
2025-07-17 14:39:48,846578,33.7,29.0,114,857,True
2025-07-17 14:39:51,849646,33.6,30.0,649,860,True
2025-07-17 14:39:54,852692,33.6,30.0,716,863,True
2025-07-17 14:39:57,855761,33.7,30.0,240,859,False
2025-07-17 14:40:00,858808,33.7,29.0,312,860,True
2025-07-17 14:40:03,861875,33.5,31.0,125,857,True
2025-07-17 14:40:06,864921,33.8,31.0,108,855,True
2025-07-17 14:40:09,867989,33.6,30.0,603,841,False
2025-07-17 14:40:12,871034,33.8,30.0,717,865,True
2025-07-17 14:40:15,874103,33.7,31.0,118,865,True
2025-07-17 14:40:18,877150,33.7,30.0,134,868,True
2025-07-17 14:40:21,880217,33.7,30.0,353,854,False
2025-07-17 14:40:24,883262,33.7,29.0,414,843,False
2025-07-17 14:40:27,886328,33.9,29.0,114,846,False
2025-07-17 14:40:30,889373,33.7,29.0,114,849,False
2025-07-17 14:40:33,892440,33.7,28.0,218,849,False
2025-07-17 14:40:36,895483,33.8,28.0,48,846,False
2025-07-17 14:40:39,898551,33.8,27.0,254,849,False
2025-07-17 14:40:42,901597,33.7,28.0,100,873,True
2025-07-17 14:40:45,904666,33.7,29.0,605,866,True
2025-07-17 14:40:48,907711,33.7,30.0,539,868,True
2025-07-17 14:40:51,910778,33.9,30.0,104,850,False
2025-07-17 14:40:54,913824,33.7,29.0,270,860,True
2025-07-17 14:40:57,916892,33.9,32.0,435,864,True
2025-07-17 14:41:00,919938,33.7,31.0,592,863,True
2025-07-17 14:41:04,923004,33.8,30.0,101,837,False
2025-07-17 14:41:07,926050,33.7,30.0,112,838,False
2025-07-17 14:41:10,929116,33.9,29.0,127,838,False
2025-07-17 14:41:13,932161,33.9,29.0,50,838,False
2025-07-17 14:41:16,935227,33.9,29.0,64,825,False
2025-07-17 14:41:19,938273,33.9,29.0,114,864,True
2025-07-17 14:41:22,941342,33.7,29.0,97,861,True
2025-07-17 14:41:25,944388,33.9,29.0,107,854,True
2025-07-17 14:41:28,947454,33.9,29.0,109,844,False
2025-07-17 14:41:31,950500,33.9,27.0,53,842,False
2025-07-17 14:41:34,953567,33.9,28.0,246,868,True
2025-07-17 14:41:37,956613,33.9,28.0,157,866,True
2025-07-17 14:41:40,959682,33.7,28.0,650,865,True
2025-07-17 14:41:43,962726,33.9,29.0,429,844,False
2025-07-17 14:41:46,965793,33.9,30.0,470,842,False
2025-07-17 14:41:49,968838,33.9,30.0,358,869,True
2025-07-17 14:41:52,971906,33.9,31.0,565,859,True
2025-07-17 14:41:55,974953,33.9,31.0,303,858,True
2025-07-17 14:41:58,978020,33.9,30.0,593,863,True
2025-07-17 14:42:01,981064,33.9,29.0,240,846,False
2025-07-17 14:42:04,984132,33.9,29.0,451,843,True
2025-07-17 14:42:07,987177,33.9,31.0,307,850,True
2025-07-17 14:42:10,990246,33.8,30.0,588,861,True
2025-07-17 14:42:13,993293,33.8,30.0,702,855,True
2025-07-17 14:42:16,996360,34.0,28.0,92,841,False
2025-07-17 14:42:20,999404,33.9,28.0,104,838,False
2025-07-17 14:42:23,1002471,33.9,30.0,56,832,False
2025-07-17 14:42:26,1005514,34.0,31.0,62,826,False
2025-07-17 14:42:29,1008582,33.9,31.0,113,822,True
2025-07-17 14:42:32,1011629,33.9,31.0,120,848,True
2025-07-17 14:42:35,1014697,33.9,31.0,116,839,True
2025-07-17 14:42:38,1017742,33.8,31.0,51,826,False
2025-07-17 14:42:41,1020809,33.9,32.0,100,838,False
2025-07-17 14:42:44,1023855,33.9,33.0,128,865,True
2025-07-17 14:42:47,1026923,33.9,33.0,716,861,True
2025-07-17 14:42:50,1029969,33.9,32.0,510,861,True
2025-07-17 14:42:53,1033038,33.9,31.0,557,850,False
2025-07-17 14:42:56,1036082,33.9,30.0,724,831,False
2025-07-17 14:42:59,1039149,33.9,29.0,125,836,False
2025-07-17 14:43:02,1042192,34.0,28.0,707,833,False
2025-07-17 14:43:05,1045258,33.9,28.0,164,831,False
2025-07-17 14:43:08,1048303,33.9,29.0,429,834,False
2025-07-17 14:43:11,1051371,34.0,31.0,531,872,True
2025-07-17 14:43:14,1054416,33.9,31.0,714,868,True
2025-07-17 14:43:17,1057485,33.9,30.0,477,872,True
2025-07-17 14:43:20,1060531,33.9,29.0,640,867,True
2025-07-17 14:43:23,1063598,33.9,29.0,167,836,False
2025-07-17 14:43:26,1066641,33.9,29.0,739,832,False
2025-07-17 14:43:29,1069708,34.1,30.0,119,834,False
2025-07-17 14:43:32,1072753,34.0,29.0,739,831,False
2025-07-17 14:43:36,1075819,34.0,28.0,45,828,False
2025-07-17 14:43:39,1078863,34.1,28.0,159,848,False
2025-07-17 14:43:42,1081932,33.9,30.0,137,864,True
2025-07-17 14:43:45,1084978,33.8,30.0,197,850,True
2025-07-17 14:43:48,1088046,33.9,29.0,693,850,True
2025-07-17 14:43:51,1091091,33.9,29.0,748,847,False
2025-07-17 14:43:54,1094157,33.9,28.0,127,847,False
2025-07-17 14:43:57,1097200,33.9,27.0,123,837,False
2025-07-17 14:44:00,1100267,33.9,27.0,727,845,False
2025-07-17 14:44:03,1103311,33.9,27.0,752,854,False
2025-07-17 14:44:06,1106378,33.9,27.0,729,841,False
2025-07-17 14:44:09,1109423,34.0,27.0,738,835,False
2025-07-17 14:44:12,1112488,34.1,27.0,107,835,False
2025-07-17 14:44:15,1115534,33.9,27.0,420,838,False
2025-07-17 14:44:18,1118600,33.9,26.0,54,836,False
2025-07-17 14:44:21,1121644,33.9,27.0,38,837,False
2025-07-17 14:44:24,1124711,33.9,28.0,193,842,False
2025-07-17 14:44:27,1127754,34.0,28.0,204,848,False
2025-07-17 14:44:30,1130821,33.8,29.0,740,852,False
2025-07-17 14:44:33,1133867,33.8,28.0,638,843,False
2025-07-17 14:44:36,1136932,33.9,27.0,304,849,False
2025-07-17 14:44:39,1139978,34.0,27.0,125,849,False
2025-07-17 14:44:42,1143045,33.9,27.0,267,850,False
2025-07-17 14:44:45,1146089,33.8,27.0,422,842,False
2025-07-17 14:44:49,1149157,33.7,30.0,188,877,True
2025-07-17 14:44:52,1152203,33.8,30.0,404,854,True
2025-07-17 14:44:55,1155272,33.8,30.0,153,838,True
2025-07-17 14:44:58,1158318,33.8,30.0,141,877,True
2025-07-17 14:45:01,1161387,33.7,30.0,716,868,True
2025-07-17 14:45:04,1164432,33.8,30.0,627,878,True
2025-07-17 14:45:07,1167500,33.7,31.0,156,858,True
2025-07-17 14:45:10,1170544,34.0,31.0,234,832,False
2025-07-17 14:45:13,1173610,33.8,29.0,68,839,False
2025-07-17 14:45:16,1176654,33.8,30.0,37,822,False
2025-07-17 14:45:19,1179720,33.9,30.0,331,835,False
2025-07-17 14:45:22,1182766,33.8,30.0,58,829,False
2025-07-17 14:45:25,1185831,34.0,28.0,546,829,False
2025-07-17 14:45:28,1188876,33.9,28.0,449,832,False
2025-07-17 14:45:31,1191943,33.9,28.0,714,816,False
2025-07-17 14:45:34,1194986,33.9,28.0,13,818,False
2025-07-17 14:45:37,1198054,33.9,27.0,20,830,False
2025-07-17 14:45:40,1201097,33.9,27.0,48,829,False
2025-07-17 14:45:43,1204164,33.9,27.0,82,830,False
2025-07-17 14:45:46,1207209,33.9,27.0,141,865,True
2025-07-17 14:45:49,1210277,33.7,28.0,117,861,True
2025-07-17 14:45:52,1213325,33.7,28.0,247,861,True
2025-07-17 14:45:55,1216392,33.9,28.0,725,862,True
2025-07-17 14:45:58,1219438,33.7,28.0,130,830,False
2025-07-17 14:46:02,1222505,33.9,27.0,135,834,False
2025-07-17 14:46:05,1225549,33.9,27.0,759,835,False
2025-07-17 14:46:08,1228615,33.9,26.0,506,837,False
2025-07-17 14:46:11,1231659,33.8,26.0,168,832,False
2025-07-17 14:46:14,1234725,33.8,28.0,405,835,False
2025-07-17 14:46:17,1237770,33.9,28.0,347,833,False
2025-07-17 14:46:20,1240837,33.7,29.0,64,833,False
2025-07-17 14:46:23,1243881,33.7,28.0,659,833,False
2025-07-17 14:46:26,1246947,33.8,28.0,578,835,False
2025-07-17 14:46:29,1249992,33.7,28.0,541,829,False
2025-07-17 14:46:32,1253059,33.9,28.0,94,828,False
2025-07-17 14:46:35,1256102,33.6,28.0,748,833,False
2025-07-17 14:46:38,1259169,33.7,27.0,682,862,True
2025-07-17 14:46:41,1262216,33.7,29.0,729,865,True
2025-07-17 14:46:44,1265284,33.5,28.0,720,861,True
2025-07-17 14:46:47,1268329,33.7,29.0,722,857,True
2025-07-17 14:46:50,1271396,33.7,27.0,746,835,False
2025-07-17 14:46:53,1274439,33.7,27.0,750,828,False
2025-07-17 14:46:56,1277508,33.9,27.0,714,859,True
2025-07-17 14:46:59,1280555,33.7,28.0,287,854,True
2025-07-17 14:47:02,1283622,33.5,28.0,713,851,True
2025-07-17 14:47:05,1286669,33.5,28.0,232,860,True
2025-07-17 14:47:08,1289737,33.6,27.0,741,830,False
2025-07-17 14:47:11,1292781,33.7,27.0,136,823,False
2025-07-17 14:47:14,1295848,33.5,27.0,142,833,False
2025-07-17 14:47:18,1298891,33.5,27.0,123,830,False
2025-07-17 14:47:21,1301958,33.6,27.0,141,896,False
2025-07-17 14:47:24,1305001,33.6,27.0,140,899,False
2025-07-17 14:47:27,1308068,33.5,27.0,94,901,False
2025-07-17 14:47:30,1311114,33.6,27.0,108,911,False
2025-07-17 14:47:33,1314180,33.5,27.0,94,910,False
2025-07-17 14:47:36,1317224,33.5,27.0,470,914,False
2025-07-17 14:47:39,1320290,33.6,27.0,86,901,False
2025-07-17 14:47:42,1323333,33.6,27.0,741,892,False
2025-07-17 14:47:45,1326400,33.5,27.0,344,909,False
2025-07-17 14:47:48,1329445,33.5,27.0,50,900,False
2025-07-17 14:47:51,1332511,33.6,28.0,48,838,True
2025-07-17 14:47:54,1335558,33.6,29.0,471,855,True
2025-07-17 14:47:57,1338627,33.5,29.0,478,867,True
2025-07-17 14:48:00,1341672,33.5,30.0,109,825,True
2025-07-17 14:48:03,1344740,33.5,30.0,218,858,True
2025-07-17 14:48:06,1347787,33.5,29.0,715,862,True
2025-07-17 14:48:09,1350854,33.5,29.0,406,859,True
2025-07-17 14:48:12,1353899,33.5,29.0,386,837,False
2025-07-17 14:48:15,1356965,33.5,28.0,94,834,False
2025-07-17 14:48:18,1360009,33.5,28.0,617,841,False
2025-07-17 14:48:21,1363075,33.7,30.0,89,825,False
2025-07-17 14:48:24,1366120,33.7,29.0,76,817,False
2025-07-17 14:48:27,1369187,33.6,30.0,296,864,True
2025-07-17 14:48:31,1372233,33.6,31.0,153,864,True
2025-07-17 14:48:34,1375302,33.5,30.0,191,878,True
2025-07-17 14:48:37,1378348,33.5,30.0,84,843,False
2025-07-17 14:48:40,1381414,33.7,28.0,94,840,False
2025-07-17 14:48:43,1384459,33.5,29.0,81,836,False
2025-07-17 14:48:46,1387525,33.7,29.0,73,845,False
2025-07-17 14:48:49,1390568,33.7,28.0,73,844,False
2025-07-17 14:48:52,1393635,33.7,27.0,536,796,False
2025-07-17 14:48:55,1396679,33.7,27.0,431,854,False
2025-07-17 14:48:58,1399746,33.7,27.0,545,847,False
2025-07-17 14:49:01,1402790,33.7,27.0,572,844,False
2025-07-17 14:49:04,1405859,33.6,27.0,427,766,True
2025-07-17 14:49:07,1408905,33.6,28.0,648,876,True
2025-07-17 14:49:10,1411973,33.6,29.0,145,885,True
2025-07-17 14:49:13,1415020,33.6,28.0,144,853,True
2025-07-17 14:49:16,1418088,33.5,31.0,711,866,True
2025-07-17 14:49:19,1421133,33.7,30.0,683,783,True
2025-07-17 14:49:22,1424201,33.6,29.0,189,816,True
2025-07-17 14:49:25,1427249,33.6,29.0,173,821,True
2025-07-17 14:49:28,1430316,33.5,29.0,730,824,False
2025-07-17 14:49:31,1433359,33.7,27.0,684,836,False
2025-07-17 14:49:34,1436426,33.6,28.0,744,845,False
2025-07-17 14:49:37,1439470,33.9,29.0,727,828,False
2025-07-17 14:49:40,1442537,33.8,29.0,131,825,False
2025-07-17 14:49:43,1445581,33.7,28.0,709,822,False
2025-07-17 14:49:47,1448648,33.7,28.0,710,810,False
2025-07-17 14:49:50,1451694,33.6,28.0,88,830,False
2025-07-17 14:49:53,1454760,33.7,28.0,76,843,False
2025-07-17 14:49:56,1457806,33.7,28.0,676,869,True
2025-07-17 14:49:59,1460875,33.6,29.0,685,868,True
2025-07-17 14:50:02,1463921,33.6,30.0,176,868,True
2025-07-17 14:50:05,1466989,33.7,29.0,106,860,False
2025-07-17 14:50:08,1470032,33.7,28.0,613,843,False
2025-07-17 14:50:11,1473100,33.7,27.0,299,850,False
2025-07-17 14:50:14,1476144,33.7,27.0,730,845,False
2025-07-17 14:50:17,1479212,33.7,27.0,109,839,False
2025-07-17 14:50:20,1482255,33.6,26.0,104,836,False
2025-07-17 14:50:23,1485322,33.7,28.0,152,857,False
2025-07-17 14:50:26,1488366,33.6,28.0,77,850,False
2025-07-17 14:50:29,1491432,33.6,30.0,326,848,False
2025-07-17 14:50:32,1494477,33.7,30.0,76,860,False
2025-07-17 14:50:35,1497543,33.7,31.0,71,856,False
2025-07-17 14:50:38,1500589,33.7,30.0,197,856,False
2025-07-17 14:50:41,1503654,33.7,30.0,74,860,False
2025-07-17 14:50:44,1506700,33.7,30.0,573,860,False
2025-07-17 14:50:47,1509767,33.9,30.0,120,861,False
2025-07-17 14:50:50,1512811,33.8,29.0,751,856,False
2025-07-17 14:50:53,1515878,33.8,28.0,750,861,False
2025-07-17 14:50:56,1518921,33.7,27.0,124,862,False
2025-07-17 14:51:00,1521988,33.8,26.0,162,863,False
2025-07-17 14:51:03,1525031,33.7,26.0,722,863,False
2025-07-17 14:51:06,1528098,33.7,27.0,619,861,False
2025-07-17 14:51:09,1531143,33.7,27.0,626,848,False
2025-07-17 14:51:12,1534210,33.7,27.0,745,852,False
2025-07-17 14:51:15,1537254,33.7,27.0,122,857,False
2025-07-17 14:51:18,1540321,33.7,26.0,113,855,False
2025-07-17 14:51:21,1543366,33.7,26.0,747,860,False
2025-07-17 14:51:24,1546433,33.8,26.0,287,861,False
2025-07-17 14:51:27,1549477,33.6,26.0,632,859,False
2025-07-17 14:51:30,1552543,33.7,26.0,581,856,False
2025-07-17 14:51:33,1555587,33.7,26.0,224,861,False
2025-07-17 14:51:36,1558653,33.9,27.0,486,862,False
2025-07-17 14:51:39,1561698,33.7,29.0,55,853,False
2025-07-17 14:51:42,1564765,33.7,30.0,57,845,False
2025-07-17 14:51:45,1567809,33.5,30.0,478,851,False
2025-07-17 14:51:48,1570875,33.7,30.0,512,853,False
2025-07-17 14:51:51,1573920,33.7,30.0,110,865,False
2025-07-17 14:51:54,1576986,33.7,29.0,288,843,False
2025-07-17 14:51:57,1580032,33.7,29.0,62,838,False
2025-07-17 14:52:00,1583098,33.7,28.0,68,852,False
2025-07-17 14:52:03,1586143,33.6,28.0,522,849,False
2025-07-17 14:52:06,1589210,33.8,28.0,513,858,False
2025-07-17 14:52:09,1592253,33.7,28.0,291,854,False
2025-07-17 14:52:13,1595320,33.7,28.0,524,855,False
2025-07-17 14:52:16,1598365,33.8,28.0,57,849,False
2025-07-17 14:52:19,1601431,33.7,27.0,262,853,False
2025-07-17 14:52:22,1604476,33.7,28.0,141,847,False
2025-07-17 14:52:25,1607543,33.7,28.0,93,852,False
2025-07-17 14:52:28,1610588,33.7,27.0,324,840,False
2025-07-17 14:52:31,1613655,33.7,29.0,191,850,False
2025-07-17 14:52:34,1616700,33.8,29.0,724,883,True
2025-07-17 14:52:37,1619769,33.7,30.0,724,882,True
2025-07-17 14:52:40,1622815,33.7,29.0,170,884,True
2025-07-17 14:52:43,1625884,33.7,29.0,475,861,False
2025-07-17 14:52:46,1628929,33.9,27.0,121,860,False
2025-07-17 14:52:49,1631995,33.7,26.0,753,860,False
2025-07-17 14:52:52,1635040,33.9,26.0,132,863,False
2025-07-17 14:52:55,1638106,33.7,26.0,82,863,False
2025-07-17 14:52:58,1641149,33.8,26.0,443,861,False
2025-07-17 14:53:01,1644216,33.7,27.0,437,861,False
2025-07-17 14:53:04,1647261,33.9,27.0,61,864,False
2025-07-17 14:53:07,1650327,33.7,27.0,61,865,False
2025-07-17 14:53:10,1653372,33.8,27.0,319,864,False
2025-07-17 14:53:13,1656438,33.9,27.0,406,856,False
2025-07-17 14:53:16,1659486,33.7,27.0,180,872,True
2025-07-17 14:53:19,1662554,33.8,28.0,498,873,True
2025-07-17 14:53:22,1665600,33.7,28.0,125,878,True
2025-07-17 14:53:26,1668669,33.8,28.0,122,848,False
2025-07-17 14:53:29,1671713,33.8,27.0,699,884,True
2025-07-17 14:53:32,1674781,33.7,28.0,664,883,True
2025-07-17 14:53:35,1677829,33.8,28.0,144,884,True
2025-07-17 14:53:38,1680897,33.7,28.0,142,881,True
2025-07-17 14:53:41,1683941,33.7,28.0,333,875,False
2025-07-17 14:53:44,1687008,33.9,28.0,469,875,False
2025-07-17 14:53:47,1690052,33.9,28.0,62,872,False
2025-07-17 14:53:50,1693118,33.9,30.0,326,870,False
2025-07-17 14:53:53,1696163,33.9,30.0,92,875,False
2025-07-17 14:53:56,1699230,33.8,28.0,749,876,False
2025-07-17 14:53:59,1702274,33.9,27.0,134,872,False
2025-07-17 14:54:02,1705339,33.9,26.0,316,872,False
2025-07-17 14:54:05,1708384,33.9,26.0,58,872,True
2025-07-17 14:54:08,1711452,33.9,28.0,162,898,True
2025-07-17 14:54:11,1714498,33.8,28.0,516,899,True
2025-07-17 14:54:14,1717566,33.9,27.0,498,897,True
2025-07-17 14:54:17,1720612,33.8,27.0,84,870,False
2025-07-17 14:54:20,1723679,33.9,26.0,107,877,False
2025-07-17 14:54:23,1726723,34.0,26.0,115,877,False
2025-07-17 14:54:26,1729789,33.7,26.0,113,853,False
2025-07-17 14:54:29,1732835,33.9,26.0,105,864,False
2025-07-17 14:54:32,1735902,33.8,26.0,387,857,False
2025-07-17 14:54:35,1738946,33.9,26.0,70,852,False
2025-07-17 14:54:38,1742012,33.9,26.0,615,865,True
2025-07-17 14:54:42,1745059,33.8,27.0,99,420,True
2025-07-17 14:54:45,1748127,33.7,25.0,681,1009,True
2025-07-17 14:54:48,1751174,33.7,27.0,104,5,True
2025-07-17 14:54:51,1754241,33.7,26.0,543,15,False
2025-07-17 14:54:54,1757286,33.9,26.0,403,7,False
2025-07-17 14:54:57,1760353,33.8,27.0,412,14,False
2025-07-17 14:55:00,1763396,33.8,27.0,546,487,False
2025-07-17 14:55:03,1766464,33.7,27.0,88,30,True
2025-07-17 14:55:06,1769510,33.9,26.0,176,1006,True
2025-07-17 14:55:09,1772578,33.7,28.0,585,998,True
2025-07-17 14:55:12,1775624,33.7,27.0,116,997,False
2025-07-17 14:55:15,1778693,33.8,26.0,192,1009,True
2025-07-17 14:55:18,1781738,33.7,27.0,720,1019,True
2025-07-17 14:55:21,1784806,33.7,27.0,200,1016,True
2025-07-17 14:55:24,1787852,33.7,28.0,176,1015,True
2025-07-17 14:55:27,1790919,33.9,26.0,123,1011,False
2025-07-17 14:55:30,1793965,33.7,26.0,497,1007,False
2025-07-17 14:55:33,1797030,33.8,27.0,72,1004,True
2025-07-17 14:55:36,1800077,33.6,28.0,715,1016,True
2025-07-17 14:55:39,1803146,33.6,28.0,320,1013,True
2025-07-17 14:55:42,1806191,33.6,28.0,534,1022,True
2025-07-17 14:55:45,1809259,33.6,29.0,602,1011,False
2025-07-17 14:55:48,1812303,33.7,28.0,80,1014,False
2025-07-17 14:55:51,1815369,33.6,27.0,493,1008,False
2025-07-17 14:55:54,1818413,33.6,27.0,49,1002,False
2025-07-17 14:55:58,1821478,33.6,27.0,376,982,False
2025-07-17 14:56:01,1824523,33.7,27.0,60,1011,False
2025-07-17 14:56:04,1827592,33.7,27.0,711,1015,True
2025-07-17 14:56:07,1830637,33.5,28.0,724,1019,True
2025-07-17 14:56:10,1833706,33.6,27.0,720,1014,True
2025-07-17 14:56:13,1836751,33.5,27.0,58,1012,False
2025-07-17 14:56:16,1839818,33.6,25.0,547,1008,False
2025-07-17 14:56:19,1842863,33.7,26.0,74,1009,False
2025-07-17 14:56:22,1845929,33.5,26.0,569,1002,False
2025-07-17 14:56:25,1848973,33.6,26.0,631,1008,False
2025-07-17 14:56:28,1852040,33.6,26.0,138,995,False
2025-07-17 14:56:31,1855085,33.6,26.0,425,1009,False
2025-07-17 14:56:34,1858151,33.5,27.0,62,968,False
2025-07-17 14:56:37,1861195,33.5,27.0,55,1009,False
2025-07-17 14:56:40,1864262,33.5,27.0,471,1002,False
2025-07-17 14:56:43,1867305,33.5,27.0,371,1000,False
2025-07-17 14:56:46,1870371,33.5,27.0,86,987,False
2025-07-17 14:56:49,1873416,33.5,27.0,80,987,False
2025-07-17 14:56:52,1876482,33.7,26.0,599,1006,False
2025-07-17 14:56:55,1879528,33.5,27.0,172,1012,True
2025-07-17 14:56:58,1882597,33.5,27.0,712,1007,True
2025-07-17 14:57:01,1885642,33.5,27.0,173,1003,True
2025-07-17 14:57:04,1888710,33.4,27.0,85,1003,False
2025-07-17 14:57:07,1891755,33.5,25.0,81,1012,False
2025-07-17 14:57:11,1894821,33.4,27.0,355,1013,True
2025-07-17 14:57:14,1897869,33.4,27.0,162,1016,True
2025-07-17 14:57:17,1900937,33.4,27.0,176,1018,True
2025-07-17 14:57:20,1903983,33.3,27.0,758,1023,False
2025-07-17 14:57:23,1907050,33.6,27.0,254,1010,False
2025-07-17 14:57:26,1910093,33.5,27.0,752,1014,False
2025-07-17 14:57:29,1913160,33.5,27.0,640,1008,False
2025-07-17 14:57:32,1916204,33.5,26.0,749,1004,False
2025-07-17 14:57:35,1919270,33.7,26.0,748,1011,False
2025-07-17 14:57:38,1922316,33.5,26.0,301,1006,False
2025-07-17 14:57:41,1925383,33.5,27.0,749,1004,False
2025-07-17 14:57:44,1928426,33.4,27.0,90,1009,False
2025-07-17 14:57:47,1931493,33.5,27.0,91,1000,False
2025-07-17 14:57:50,1934536,33.5,27.0,744,1009,False
2025-07-17 14:57:53,1937603,33.3,27.0,81,1007,False
2025-07-17 14:57:56,1940649,33.4,27.0,720,1019,True
2025-07-17 14:57:59,1943717,33.5,28.0,205,1011,True
2025-07-17 14:58:02,1946764,33.4,29.0,724,1018,True
2025-07-17 14:58:05,1949833,33.4,29.0,731,1010,False
2025-07-17 14:58:08,1952878,33.5,27.0,575,1006,False
2025-07-17 14:58:11,1955944,33.2,27.0,722,1017,True
2025-07-17 14:58:14,1958990,33.4,28.0,100,1013,True
2025-07-17 14:58:17,1962058,33.3,28.0,698,1003,True
2025-07-17 14:58:20,1965105,33.5,28.0,181,1014,True
2025-07-17 14:58:23,1968173,33.5,27.0,122,1001,False
2025-07-17 14:58:27,1971216,33.3,26.0,344,998,False
2025-07-17 14:58:30,1974283,33.5,26.0,121,1005,False
2025-07-17 14:58:33,1977328,33.5,26.0,748,1008,False
2025-07-17 14:58:36,1980395,33.5,26.0,123,1000,False
2025-07-17 14:58:39,1983438,33.5,26.0,732,1002,False
2025-07-17 14:58:42,1986505,33.5,26.0,735,1002,False
2025-07-17 14:58:45,1989551,33.5,26.0,746,1002,False
2025-07-17 14:58:48,1992617,33.5,26.0,735,1002,False
2025-07-17 14:58:51,1995662,33.5,26.0,377,1005,False
2025-07-17 14:58:54,1998729,33.4,26.0,738,1010,False
2025-07-17 14:58:57,2001775,33.4,26.0,166,1014,True
2025-07-17 14:59:00,2004844,33.2,27.0,709,1005,True
2025-07-17 14:59:03,2007889,33.3,28.0,150,1006,True
2025-07-17 14:59:06,2010958,33.2,27.0,104,1011,True
2025-07-17 14:59:09,2014003,33.3,27.0,753,1014,False
2025-07-17 14:59:12,2017069,33.4,26.0,651,1010,False
2025-07-17 14:59:15,2020114,33.3,26.0,502,1007,False
2025-07-17 14:59:18,2023181,33.3,26.0,101,1001,False
2025-07-17 14:59:21,2026226,33.2,26.0,133,1015,True
2025-07-17 14:59:24,2029295,33.2,28.0,87,1011,True
2025-07-17 14:59:27,2032340,33.2,28.0,268,1013,True
2025-07-17 14:59:30,2035408,33.2,28.0,729,998,False
2025-07-17 14:59:33,2038453,33.1,27.0,208,1001,False
2025-07-17 14:59:36,2041520,33.2,26.0,173,1003,False
2025-07-17 14:59:39,2044565,33.2,26.0,711,1004,True
2025-07-17 14:59:43,2047634,33.1,28.0,697,988,True
2025-07-17 14:59:46,2050679,33.1,28.0,239,1013,True
2025-07-17 14:59:49,2053747,33.0,28.0,133,1005,False
2025-07-17 14:59:52,2056792,33.2,26.0,726,996,False
2025-07-17 14:59:55,2059858,33.2,26.0,720,994,False
2025-07-17 14:59:58,2062902,33.1,26.0,706,989,False
2025-07-17 15:00:01,2065969,33.2,27.0,736,995,False
2025-07-17 15:00:04,2069012,33.2,27.0,105,996,False
2025-07-17 15:00:07,2072079,33.2,27.0,108,998,False
2025-07-17 15:00:10,2075122,33.2,27.0,734,997,False
2025-07-17 15:00:13,2078188,33.0,27.0,734,981,False
2025-07-17 15:00:16,2081233,33.2,27.0,736,998,False
2025-07-17 15:00:19,2084300,33.2,27.0,731,994,False
2025-07-17 15:00:22,2087347,33.1,27.0,162,1017,True
2025-07-17 15:00:25,2090415,33.0,28.0,111,1014,True
2025-07-17 15:00:28,2093461,33.0,28.0,96,1016,True
2025-07-17 15:00:31,2096530,32.9,27.0,93,1010,False
2025-07-17 15:00:34,2099574,33.1,27.0,755,1015,False
2025-07-17 15:00:37,2102640,33.0,27.0,747,1004,False
2025-07-17 15:00:40,2105683,32.9,26.0,29,972,False
2025-07-17 15:00:43,2108749,33.0,27.0,97,971,False
2025-07-17 15:00:46,2111793,33.0,27.0,99,985,False
2025-07-17 15:00:49,2114862,33.0,28.0,193,1008,True
2025-07-17 15:00:52,2117907,32.8,27.0,80,1018,True
2025-07-17 15:00:56,2120976,32.9,27.0,215,1008,True
2025-07-17 15:00:59,2124020,32.8,27.0,741,1003,False
2025-07-17 15:01:02,2127087,33.0,27.0,743,1009,False
2025-07-17 15:01:05,2130132,32.9,26.0,130,1002,False
2025-07-17 15:01:08,2133199,33.0,27.0,135,1006,False
2025-07-17 15:01:11,2136243,32.9,26.0,751,1001,False
2025-07-17 15:01:14,2139310,32.9,26.0,141,1005,False
2025-07-17 15:01:17,2142355,32.9,26.0,750,1007,False
2025-07-17 15:01:20,2145422,32.7,27.0,107,1008,False
2025-07-17 15:01:23,2148467,32.9,36.0,747,1009,False
2025-07-17 15:01:26,2151534,33.0,50.0,137,1004,False
2025-07-17 15:01:29,2154577,33.0,53.0,750,1009,False
2025-07-17 15:01:32,2157644,33.2,52.0,735,994,False
2025-07-17 15:01:35,2160690,33.2,53.0,97,1011,False
2025-07-17 15:01:38,2163756,33.2,56.0,107,995,False
2025-07-17 15:01:41,2166800,33.2,57.0,468,1010,False
2025-07-17 15:01:44,2169866,33.3,59.0,504,997,False
2025-07-17 15:01:47,2172911,33.4,59.0,738,1006,False
2025-07-17 15:01:50,2175977,33.4,49.0,738,997,False
2025-07-17 15:01:53,2179022,33.7,43.0,130,998,False
2025-07-17 15:01:56,2182088,33.5,35.0,135,1008,False
2025-07-17 15:01:59,2185134,33.5,33.0,749,1010,False
2025-07-17 15:02:02,2188200,33.4,30.0,743,997,False
2025-07-17 15:02:05,2191244,33.7,29.0,751,1005,False
2025-07-17 15:02:09,2194311,33.4,28.0,743,1001,False
2025-07-17 15:02:12,2197354,33.4,28.0,622,1009,False
2025-07-17 15:02:15,2200421,33.2,27.0,739,997,False
2025-07-17 15:02:18,2203466,33.4,27.0,180,1010,False
2025-07-17 15:02:21,2206532,33.3,27.0,184,1000,False
2025-07-17 15:02:24,2209577,33.4,27.0,401,1010,False
2025-07-17 15:02:27,2212643,33.3,27.0,181,1005,False
2025-07-17 15:02:30,2215688,33.2,27.0,751,1003,False
2025-07-17 15:02:33,2218758,33.1,28.0,699,1005,True
2025-07-17 15:02:36,2221803,33.0,28.0,716,1013,True
2025-07-17 15:02:39,2224872,33.0,28.0,706,1000,True
2025-07-17 15:02:42,2227917,33.0,28.0,703,1003,True
2025-07-17 15:02:45,2230984,33.1,27.0,727,1000,False
2025-07-17 15:02:48,2234029,33.0,27.0,729,993,False
2025-07-17 15:02:51,2237095,33.0,27.0,715,991,False
2025-07-17 15:02:54,2240139,33.2,27.0,625,991,False
2025-07-17 15:02:57,2243205,33.2,27.0,716,991,False
2025-07-17 15:03:00,2246249,33.0,27.0,740,1002,False
2025-07-17 15:03:03,2249316,33.0,27.0,733,999,False
2025-07-17 15:03:06,2252359,33.0,27.0,737,999,False
2025-07-17 15:03:09,2255426,33.0,27.0,152,991,False
2025-07-17 15:03:12,2258471,32.8,26.0,142,988,False
2025-07-17 15:03:15,2261536,33.0,27.0,532,984,False
2025-07-17 15:03:18,2264581,33.0,27.0,149,985,False
2025-07-17 15:03:22,2267648,33.0,27.0,711,986,False
2025-07-17 15:03:25,2270691,33.0,27.0,550,988,False
2025-07-17 15:03:28,2273758,33.0,27.0,723,987,False
2025-07-17 15:03:31,2276802,32.9,26.0,716,965,False
2025-07-17 15:03:34,2279868,33.0,27.0,723,969,False
2025-07-17 15:03:37,2282911,33.0,27.0,707,973,False
2025-07-17 15:03:40,2285978,33.0,27.0,702,1011,True
2025-07-17 15:03:43,2289024,32.8,28.0,265,1012,True
2025-07-17 15:03:46,2292091,32.9,28.0,714,1013,True
2025-07-17 15:03:49,2295138,32.7,28.0,716,1009,True
2025-07-17 15:03:52,2298204,33.0,28.0,285,1005,False
2025-07-17 15:03:55,2301247,32.8,27.0,747,1000,False
2025-07-17 15:03:58,2304314,32.9,27.0,165,1007,False
2025-07-17 15:04:01,2307357,32.9,27.0,172,1002,False
2025-07-17 15:04:04,2310424,33.0,28.0,743,1000,False
2025-07-17 15:04:07,2313469,32.9,27.0,141,1006,False
2025-07-17 15:04:10,2316536,32.9,27.0,733,1000,False
2025-07-17 15:04:13,2319580,32.8,27.0,745,1009,False
2025-07-17 15:04:16,2322646,32.8,27.0,209,1007,False
2025-07-17 15:04:19,2325690,32.8,27.0,222,1005,False
2025-07-17 15:04:22,2328757,32.8,27.0,743,1002,False
2025-07-17 15:04:25,2331802,32.9,27.0,683,1018,False
2025-07-17 15:04:28,2334869,32.9,27.0,732,1006,False
2025-07-17 15:04:31,2337912,32.8,27.0,751,1011,False
2025-07-17 15:04:35,2340978,32.8,33.0,139,1001,False
2025-07-17 15:04:38,2344023,32.7,32.0,661,1009,False
2025-07-17 15:04:41,2347089,32.9,30.0,206,1007,False
2025-07-17 15:04:44,2350134,32.9,29.0,133,1011,False
2025-07-17 15:04:47,2353201,32.9,28.0,741,1007,False
2025-07-17 15:04:50,2356246,32.9,28.0,745,1000,False
2025-07-17 15:04:53,2359313,32.7,28.0,141,1007,False
2025-07-17 15:04:56,2362356,33.0,29.0,125,996,False
2025-07-17 15:04:59,2365423,32.8,28.0,733,998,False
2025-07-17 15:05:02,2368468,32.8,27.0,701,974,False
2025-07-17 15:05:05,2371534,33.0,28.0,39,1009,False
2025-07-17 15:05:08,2374580,32.9,28.0,114,1017,True
2025-07-17 15:05:11,2377649,32.9,29.0,196,1018,True
2025-07-17 15:05:14,2380694,32.7,29.0,113,1020,True
2025-07-17 15:05:17,2383763,32.7,29.0,175,1009,False
2025-07-17 15:05:20,2386807,32.8,28.0,162,1017,False
2025-07-17 15:05:23,2389874,32.8,28.0,153,1013,False
2025-07-17 15:05:26,2392919,32.8,27.0,202,1022,True
2025-07-17 15:05:29,2395986,32.7,28.0,190,1020,True
2025-07-17 15:05:32,2399033,32.7,28.0,133,1020,True
2025-07-17 15:05:35,2402101,32.7,28.0,210,1018,True
2025-07-17 15:05:38,2405146,32.7,28.0,756,1014,False
2025-07-17 15:05:41,2408213,32.7,28.0,268,1019,True
2025-07-17 15:05:44,2411259,32.7,29.0,404,1023,True
2025-07-17 15:05:48,2414327,32.7,28.0,721,1019,True
2025-07-17 15:05:51,2417374,32.7,28.0,753,1020,False
2025-07-17 15:05:54,2420441,32.7,27.0,598,1013,False
2025-07-17 15:05:57,2423485,32.7,27.0,685,1018,False
2025-07-17 15:06:00,2426551,32.7,27.0,163,1017,True
2025-07-17 15:06:03,2429597,32.7,29.0,131,1023,True
2025-07-17 15:06:06,2432665,32.5,29.0,722,1020,True
2025-07-17 15:06:09,2435712,32.6,29.0,723,1023,True
2025-07-17 15:06:12,2438779,32.7,28.0,435,1014,False
2025-07-17 15:06:15,2441823,32.7,27.0,755,1014,False
2025-07-17 15:06:18,2444889,32.8,28.0,122,1010,False
2025-07-17 15:06:21,2447933,33.0,28.0,126,1019,False
2025-07-17 15:06:24,2450999,32.7,27.0,747,1010,False
2025-07-17 15:06:27,2454044,32.7,27.0,757,1019,False
2025-07-17 15:06:30,2457111,32.7,27.0,746,1014,False
2025-07-17 15:06:33,2460155,32.7,27.0,760,1019,False
2025-07-17 15:06:36,2463222,32.7,27.0,625,1010,False
2025-07-17 15:06:39,2466266,32.6,27.0,755,1016,False
2025-07-17 15:06:42,2469332,32.7,27.0,332,1014,False
2025-07-17 15:06:45,2472376,32.7,27.0,758,1019,False
2025-07-17 15:06:48,2475443,32.7,27.0,109,1015,False
2025-07-17 15:06:51,2478487,32.7,27.0,757,1014,False
2025-07-17 15:06:54,2481554,32.7,28.0,128,1012,False
2025-07-17 15:06:57,2484599,32.7,27.0,71,1015,False
2025-07-17 15:07:00,2487667,32.7,27.0,117,1019,True
2025-07-17 15:07:04,2490714,32.6,29.0,111,1021,True
2025-07-17 15:07:07,2493782,32.6,29.0,718,1020,True
2025-07-17 15:07:10,2496828,32.7,29.0,758,1018,False
2025-07-17 15:07:13,2499895,32.7,27.0,293,1013,False
2025-07-17 15:07:16,2502939,32.7,28.0,751,1017,False
2025-07-17 15:07:19,2506006,32.6,27.0,456,1008,False
2025-07-17 15:07:22,2509051,32.7,27.0,758,1018,False
2025-07-17 15:07:25,2512118,32.6,27.0,748,1013,False
2025-07-17 15:07:28,2515164,32.6,27.0,758,1015,False
2025-07-17 15:07:31,2518231,32.7,27.0,743,1012,False
2025-07-17 15:07:34,2521274,32.6,27.0,151,1016,False
2025-07-17 15:07:37,2524341,32.7,27.0,750,1012,False
2025-07-17 15:07:40,2527384,32.6,27.0,139,1013,False
2025-07-17 15:07:43,2530451,32.7,27.0,750,1015,False
2025-07-17 15:07:46,2533496,32.6,27.0,759,1019,False
2025-07-17 15:07:49,2536563,32.7,27.0,751,1010,False
2025-07-17 15:07:52,2539609,32.6,27.0,759,1017,False
2025-07-17 15:07:55,2542675,32.6,27.0,96,1009,False
2025-07-17 15:07:58,2545719,32.6,27.0,81,1013,False
2025-07-17 15:08:01,2548786,32.6,27.0,745,1012,False
2025-07-17 15:08:04,2551831,32.5,27.0,473,1021,True
2025-07-17 15:08:07,2554900,32.6,29.0,358,1009,True
2025-07-17 15:08:10,2557945,32.5,29.0,362,1012,True
2025-07-17 15:08:13,2561012,32.5,30.0,745,1003,False
2025-07-17 15:08:16,2564058,32.6,28.0,753,1015,False
2025-07-17 15:08:20,2567126,32.6,28.0,711,1011,True
2025-07-17 15:08:23,2570171,32.5,29.0,721,1021,True
2025-07-17 15:08:26,2573240,32.5,29.0,714,1016,True
2025-07-17 15:08:29,2576285,32.5,29.0,118,1009,False
2025-07-17 15:08:32,2579352,32.5,27.0,740,1001,False
2025-07-17 15:08:35,2582396,32.5,27.0,120,1012,False
2025-07-17 15:08:38,2585462,32.4,27.0,736,1008,False
2025-07-17 15:08:41,2588507,32.7,27.0,121,1013,False
2025-07-17 15:08:44,2591574,32.5,27.0,739,1010,False
2025-07-17 15:08:47,2594617,32.6,27.0,166,1008,False
2025-07-17 15:08:50,2597684,32.5,27.0,741,1003,False
2025-07-17 15:08:53,2600729,32.5,27.0,124,1015,False
2025-07-17 15:08:56,2603795,32.7,27.0,738,1010,False
2025-07-17 15:08:59,2606840,32.6,27.0,122,1006,False
2025-07-17 15:09:02,2609907,32.6,27.0,738,1010,False
2025-07-17 15:09:05,2612951,32.6,27.0,122,1015,False
2025-07-17 15:09:08,2616016,32.5,27.0,747,1013,False
2025-07-17 15:09:11,2619061,32.5,27.0,126,1014,False
2025-07-17 15:09:14,2622128,32.6,27.0,220,1004,False
2025-07-17 15:09:17,2625173,32.5,27.0,132,1016,False
2025-07-17 15:09:20,2628240,32.6,27.0,124,1006,False
2025-07-17 15:09:23,2631283,32.5,27.0,756,1009,False
2025-07-17 15:09:26,2634350,32.5,27.0,122,1011,False
2025-07-17 15:09:29,2637394,32.4,27.0,756,1015,False
2025-07-17 15:09:33,2640461,32.4,27.0,126,1010,False
2025-07-17 15:09:36,2643507,32.6,27.0,751,1008,False
2025-07-17 15:09:39,2646573,32.6,27.0,716,1012,False
2025-07-17 15:09:42,2649618,32.5,27.0,756,1017,False
2025-07-17 15:09:45,2652685,32.5,27.0,340,1004,False
2025-07-17 15:09:48,2655728,32.3,27.0,749,1006,False
